,r2,mae,mpea,timecost,epochs,learning_rate,feature_comb
0,0.013599999999999945,0.0321,0.0102,23.1929,10000,0.01,"['date', 'CHN10', 'USDI', 'GKBOND', 'MID']"
1,0.014100000000000001,0.0326,0.0103,2.3679,1000,0.01,"['date', 'CHN10', 'USDI', 'GKBOND', 'MID']"
2,0.01419999999999999,0.0332,0.0104,23.2056,10000,0.001,"['date', 'CHN10', 'USDI', 'SHI', 'CPI', 'GKBOND']"
3,0.014499999999999957,0.0336,0.0105,2.2311,1000,0.01,"['date', 'CHN10', 'USDI', 'CPI', 'GKBOND']"
4,0.014599999999999946,0.0326,0.0103,23.64,10000,0.01,"['date', 'CHN10', 'SHERONG', 'R007', 'GOVBOND', 'SHI', 'M1', 'GKBOND', 'GOLD']"
5,0.014900000000000024,0.0341,0.011,23.6908,10000,0.001,"['date', 'CHN10', 'USDI', 'GKBOND', 'MID']"
6,0.016000000000000014,0.0356,0.0113,23.5945,10000,0.001,"['date', 'CHN10', 'USDI', 'CPI', 'GKBOND']"
7,0.016100000000000003,0.036,0.0114,23.7947,10000,0.1,"['date', 'CHN10', 'USA10', 'GOVBOND', 'CPI', 'M1', 'GKBOND']"
8,0.018100000000000005,0.0371,0.0118,2.4595,1000,0.01,"['date', 'CHN10', 'USDI', 'SHI', 'CPI', 'GKBOND']"
